epoch,train_loss,valid_loss,r_shuf,r_zero,A-MPJPE,F-MPJPE
1,0.10748741428259187,,1.3772134610759745,1.003629497177331,,
